{"cameraMode":{"drawMode":0,"name":"Shaded","section":"Shading Mode"},"sceneLighting":true,"audioPlay":false,"sceneViewState":{"showFog":true,"showMaterialUpdate":true,"showSkybox":true,"showFlares":true,"showImageEffects":true,"showParticleSystems":true},"in2DMode":false,"pivot":{"x":1.0293200016021729,"y":3.642840623855591,"z":-2.800304412841797},"rotation":{"x":0.05592387914657593,"y":-0.8908050656318665,"z":0.11419761180877686,"w":0.4362536370754242},"size":2.9799997806549074,"orthographic":false}